,lpep_pickup_datetime,Lpep_dropoff_datetime,RateCodeID,Pickup_longitude,Pickup_latitude,Passenger_count,Fare_amount,Tip_amount,Payment_type,Trip_type ,Trip_distance,date
11767,2015-09-01 10:44:24,2015-09-01 11:13:19,4,-73.8295211792,40.7597732544,1,27.5,5.66,1,1.0,6.7,2015-09-01
18561,2015-09-01 14:22:37,2015-09-01 14:47:55,4,-73.8298568726,40.7595901489,1,32.5,6.66,1,1.0,10.16,2015-09-01
31345,2015-09-01 19:39:41,2015-09-01 20:00:30,4,-73.8440856934,40.7211112976,1,39.0,8.16,1,1.0,11.5,2015-09-01
31530,2015-09-01 19:26:44,2015-09-01 20:12:43,4,-73.8453521729,40.7548408508,1,94.5,10.0,1,1.0,25.85,2015-09-01
31581,2015-09-01 19:29:57,2015-09-01 20:15:06,4,-73.8304214478,40.7595481873,1,73.0,5.0,1,1.0,18.22,2015-09-01
36646,2015-09-01 21:41:54,2015-09-01 22:13:20,4,-73.8453369141,40.7550163269,1,45.0,12.0,1,1.0,14.36,2015-09-01
36685,2015-09-01 21:47:27,2015-09-01 22:12:42,4,-73.8452987671,40.7547073364,2,40.5,11.84,1,1.0,12.43,2015-09-01
37729,2015-09-01 22:02:23,2015-09-01 22:28:31,4,-73.8453216553,40.7546195984,2,54.0,6.0,1,1.0,15.03,2015-09-01
44846,2015-09-02 03:54:51,2015-09-02 04:16:13,4,-73.9108657837,40.7760505676,1,40.0,3.16,1,1.0,12.94,2015-09-02
45732,2015-09-02 05:34:04,2015-09-02 05:46:23,4,-73.9844665527,40.6955223083,1,17.0,3.65,1,1.0,5.1,2015-09-02
45839,2015-09-02 06:02:58,2015-09-02 06:24:57,4,-73.8441238403,40.7213287354,1,67.0,13.56,1,1.0,17.54,2015-09-02
46661,2015-09-02 07:01:28,2015-09-02 07:25:27,4,-73.8075408936,40.7002830505,3,44.5,9.06,1,1.0,13.36,2015-09-02
47508,2015-09-02 07:34:29,2015-09-02 07:56:27,4,-73.9421844482,40.8416786194,1,58.0,3.0,1,1.0,14.23,2015-09-02
47550,2015-09-02 07:40:14,2015-09-02 08:28:46,4,-73.9033203125,40.7457885742,1,71.5,5.0,1,1.0,20.46,2015-09-02
49030,2015-09-02 08:21:03,2015-09-02 09:00:21,4,-73.8077011108,40.7003440857,1,113.5,22.86,1,1.0,25.97,2015-09-02
49571,2015-09-02 08:40:32,2015-09-02 09:31:54,4,-73.8075561523,40.7002563477,1,101.0,20.36,1,1.0,22.95,2015-09-02
49596,2015-09-02 08:48:38,2015-09-02 09:38:48,4,-73.9036407471,40.7455215454,1,64.0,10.0,1,1.0,18.45,2015-09-02
49632,2015-09-02 08:41:31,2015-09-02 09:09:35,4,-73.807762146,40.6996383667,1,29.0,4.0,1,1.0,7.95,2015-09-02
51104,2015-09-02 09:16:09,2015-09-02 09:47:34,4,-73.8303909302,40.7595977783,1,50.5,10.26,1,1.0,12.62,2015-09-02
51257,2015-09-02 09:17:00,2015-09-02 09:54:03,4,-73.8302993774,40.7595024109,2,37.5,7.66,1,1.0,9.44,2015-09-02
51397,2015-09-02 09:28:13,2015-09-02 09:59:19,4,-73.8445281982,40.7214202881,1,69.0,13.96,1,1.0,16.66,2015-09-02
51720,2015-09-02 09:29:16,2015-09-02 10:00:48,4,-73.8076705933,40.7003974915,1,32.5,9.99,1,1.0,8.51,2015-09-02
51875,2015-09-02 09:32:31,2015-09-02 10:43:07,4,-73.9243545532,40.6566047668,1,79.0,17.91,1,1.0,15.78,2015-09-02
53387,2015-09-02 10:27:15,2015-09-02 10:55:42,4,-73.8304595947,40.7595558167,1,33.5,1.0,1,1.0,9.04,2015-09-02
54876,2015-09-02 11:25:37,2015-09-02 11:38:38,4,-73.8982772827,40.8895187378,1,32.5,5.0,1,1.0,6.83,2015-09-02
55810,2015-09-02 11:50:14,2015-09-02 12:58:01,4,-73.7413253784,40.7129859924,1,78.5,17.81,1,1.0,23.7,2015-09-02
61399,2015-09-02 14:29:32,2015-09-02 15:14:29,4,-73.9580383301,40.6697158813,1,33.5,6.61,1,1.0,7.1,2015-09-02
76309,2015-09-02 20:24:18,2015-09-02 20:49:00,4,-73.8075790405,40.700553894,1,31.5,1.2,1,1.0,8.86,2015-09-02
79867,2015-09-02 21:50:16,2015-09-02 22:33:30,4,-73.8451919556,40.7546539307,1,49.5,16.52,1,1.0,14.16,2015-09-02
81778,2015-09-02 22:11:33,2015-09-02 22:57:32,4,-73.8476028442,40.7463226318,1,129.5,34.08,1,1.0,33.51,2015-09-02
91350,2015-09-03 07:18:44,2015-09-03 07:42:03,4,-73.8071670532,40.6993675232,1,37.0,7.56,1,1.0,10.01,2015-09-03
98258,2015-09-03 10:27:23,2015-09-03 10:41:20,4,-73.881149292,40.8828887939,1,38.0,7.76,1,1.0,8.08,2015-09-03
104448,2015-09-03 13:36:10,2015-09-03 14:49:16,4,-73.9032592773,40.7463417053,1,205.0,5.88,1,1.0,46.65,2015-09-03
106150,2015-09-03 14:34:35,2015-09-03 14:51:54,4,-73.9409942627,40.8414382935,1,23.5,6.71,1,1.0,6.84,2015-09-03
108697,2015-09-03 15:30:45,2015-09-03 16:29:17,4,-73.9154129028,40.7723388672,3,71.5,14.46,1,1.0,22.5,2015-09-03
114274,2015-09-03 17:08:39,2015-09-03 17:44:53,4,-73.8074569702,40.7002449036,1,56.0,1.11,1,1.0,13.76,2015-09-03
117914,2015-09-03 18:35:52,2015-09-03 19:56:42,4,-73.9486465454,40.7447280884,1,68.0,3.0,1,1.0,18.77,2015-09-03
124475,2015-09-03 20:47:12,2015-09-03 21:41:00,4,-73.8450698853,40.754776001,1,249.5,15.0,1,1.0,32.3,2015-09-03
126708,2015-09-03 21:10:45,2015-09-03 21:50:25,4,-73.891494751,40.7466468811,1,47.5,9.76,1,1.0,15.08,2015-09-03
128368,2015-09-03 22:07:46,2015-09-03 22:28:12,4,-73.8074493408,40.6998214722,1,34.0,10.0,1,1.0,9.57,2015-09-03
129676,2015-09-03 22:19:30,2015-09-03 23:10:49,4,-73.8437271118,40.7433586121,1,98.0,26.65,1,1.0,24.52,2015-09-03
130120,2015-09-03 22:47:58,2015-09-03 23:32:22,4,-73.8454208374,40.7548446655,1,82.5,17.87,1,1.0,23.07,2015-09-03
132806,2015-09-03 23:55:34,2015-09-04 00:58:29,4,-73.8449020386,40.7549476624,2,90.5,21.42,1,1.0,26.72,2015-09-03
134976,2015-09-04 00:43:39,2015-09-04 01:19:04,4,-73.8452224731,40.754901886,1,86.5,18.67,1,1.0,22.89,2015-09-04
141047,2015-09-04 07:13:59,2015-09-04 07:34:18,4,-73.8077392578,40.7003517151,3,32.5,6.66,1,1.0,10.72,2015-09-04
141386,2015-09-04 07:27:52,2015-09-04 07:48:40,4,-73.8071594238,40.69947052,1,30.5,5.0,1,1.0,8.51,2015-09-04
163904,2015-09-04 17:22:25,2015-09-04 17:49:11,4,-73.8452529907,40.7548408508,1,61.5,13.77,1,1.0,17.28,2015-09-04
176232,2015-09-04 20:17:50,2015-09-04 21:04:46,4,-73.9233551025,40.7926902771,1,150.4,19.7,1,1.0,35.4,2015-09-04
186089,2015-09-04 23:02:18,2015-09-05 00:06:52,4,-73.9700164795,40.8064994812,2,190.0,38.77,1,1.0,41.37,2015-09-04
188130,2015-09-05 00:09:19,2015-09-05 00:27:08,4,-73.8459320068,40.8761024475,1,42.0,5.0,1,1.0,9.33,2015-09-05
189636,2015-09-05 00:20:55,2015-09-05 00:44:21,4,-73.9830245972,40.6937713623,1,25.5,7.31,1,1.0,5.74,2015-09-05
190171,2015-09-05 00:42:14,2015-09-05 01:15:16,4,-73.8451843262,40.7548866272,1,85.5,15.0,1,1.0,21.85,2015-09-05
193698,2015-09-05 01:44:48,2015-09-05 02:20:48,4,-73.8464889526,40.754322052,1,77.5,15.76,1,1.0,21.69,2015-09-05
195538,2015-09-05 02:07:10,2015-09-05 02:38:34,4,-73.8957824707,40.7312927246,1,54.0,15.21,1,1.0,17.51,2015-09-05
197464,2015-09-05 02:01:33,2015-09-05 02:49:56,4,-73.8433609009,40.755443573,2,176.5,22.45,1,1.0,26.0,2015-09-05
197697,2015-09-05 03:07:21,2015-09-05 03:19:25,4,-73.8070449829,40.6990776062,1,25.5,5.36,1,1.0,8.37,2015-09-05
215675,2015-09-05 14:32:05,2015-09-06 14:08:16,4,-73.8462371826,40.7545166016,5,62.0,3.0,1,1.0,17.51,2015-09-05
218116,2015-09-05 15:35:33,2015-09-05 16:19:13,4,-73.8074645996,40.7003936768,1,107.5,21.66,1,1.0,24.63,2015-09-05
226776,2015-09-05 18:32:14,2015-09-05 19:08:42,4,-73.962310791,40.7176971436,1,73.5,17.21,1,1.0,16.29,2015-09-05
235928,2015-09-05 21:05:59,2015-09-05 21:39:47,4,-73.9465789795,40.7454071045,5,40.0,10.21,1,1.0,13.26,2015-09-05
236383,2015-09-05 21:22:12,2015-09-05 21:52:24,4,-73.8453521729,40.7549285889,2,64.5,8.0,1,1.0,17.42,2015-09-05
240063,2015-09-05 22:22:46,2015-09-05 22:50:58,4,-73.9942855835,40.7030601501,1,31.0,3.0,1,1.0,6.55,2015-09-05
243553,2015-09-05 23:10:15,2015-09-05 23:29:08,4,-73.8074264526,40.6994247437,1,34.0,10.0,1,1.0,9.64,2015-09-05
243804,2015-09-05 23:18:59,2015-09-05 23:38:37,4,-73.8074493408,40.7001838684,1,46.0,2.0,1,1.0,13.2,2015-09-05
248107,2015-09-06 00:26:53,2015-09-06 00:56:25,4,-73.8080062866,40.6991119385,1,54.0,11.06,1,1.0,14.6,2015-09-06
253952,2015-09-06 02:13:24,2015-09-06 02:22:08,4,-73.8892059326,40.8736114502,1,21.0,4.0,1,1.0,5.35,2015-09-06
257506,2015-09-06 03:09:16,2015-09-06 03:48:54,4,-73.9145812988,40.7756004333,5,84.0,17.06,1,1.0,24.91,2015-09-06
263669,2015-09-06 08:11:59,2015-09-06 08:32:14,4,-73.8076324463,40.7006568909,1,39.0,3.0,1,1.0,10.3,2015-09-06
268438,2015-09-06 12:07:58,2015-09-06 12:22:04,4,-73.8676757812,40.8565330505,1,26.5,1.0,1,1.0,5.85,2015-09-06
268937,2015-09-06 12:24:02,2015-09-06 12:44:36,4,-73.8660736084,40.8453865051,1,52.5,10.66,1,1.0,11.96,2015-09-06
271225,2015-09-06 13:22:39,2015-09-06 14:06:06,4,-73.8441162109,40.7211151123,1,95.0,15.0,1,1.0,22.57,2015-09-06
275993,2015-09-06 15:48:46,2015-09-06 16:41:40,4,-73.8074951172,40.7005081177,1,72.0,18.2,1,1.0,14.23,2015-09-06
291491,2015-09-06 21:26:37,2015-09-06 21:47:14,4,-73.8073806763,40.7001152039,1,41.5,12.84,1,1.0,13.11,2015-09-06
295024,2015-09-06 22:20:26,2015-09-06 22:58:11,4,-73.9599761963,40.7219314575,1,41.5,10.0,1,1.0,9.59,2015-09-06
312419,2015-09-07 09:23:44,2015-09-07 09:39:24,4,-73.8077697754,40.7008705139,3,28.0,2.0,1,1.0,8.89,2015-09-07
317753,2015-09-07 13:34:55,2015-09-07 14:12:10,4,-73.8073501587,40.700214386,2,63.5,13.28,1,1.0,14.2,2015-09-07
324017,2015-09-07 16:31:50,2015-09-07 17:01:46,4,-73.8071746826,40.6996765137,1,54.0,10.96,1,1.0,15.42,2015-09-07
336382,2015-09-07 21:13:21,2015-09-07 21:58:18,4,-73.8452835083,40.7548294067,5,115.0,20.0,1,1.0,29.84,2015-09-07
344401,2015-09-08 03:31:44,2015-09-08 03:43:29,4,-73.9402084351,40.8406982422,4,20.0,4.77,1,1.0,6.85,2015-09-08
344949,2015-09-08 04:38:41,2015-09-08 05:07:28,4,-73.9543228149,40.6906929016,5,37.5,1.0,1,1.0,9.36,2015-09-08
351878,2015-09-08 09:46:54,2015-09-08 10:22:42,4,-73.8295593262,40.7596664429,1,67.5,13.58,1,1.0,17.02,2015-09-08
354884,2015-09-08 11:12:00,2015-09-08 11:32:13,4,-73.7902832031,40.6468582153,2,34.0,5.0,1,1.0,9.04,2015-09-08
356871,2015-09-08 12:10:38,2015-09-08 12:35:46,4,-73.989692688,40.6901283264,1,25.0,7.11,1,1.0,5.99,2015-09-08
359884,2015-09-08 13:47:25,2015-09-08 14:13:09,4,-73.7356338501,40.7136878967,1,36.0,10.0,1,1.0,5.6,2015-09-08
369118,2015-09-08 17:53:42,2015-09-08 18:54:06,4,-73.8451766968,40.754825592,1,65.0,16.7,1,1.0,16.96,2015-09-08
380124,2015-09-08 21:56:44,2015-09-08 22:24:24,4,-73.8442993164,40.7212867737,1,41.5,8.56,1,1.0,11.34,2015-09-08
381631,2015-09-08 22:20:00,2015-09-08 22:51:15,4,-73.9668426514,40.8041610718,1,36.0,8.0,1,1.0,11.47,2015-09-08
382123,2015-09-08 22:34:36,2015-09-08 23:10:06,4,-73.8436965942,40.755317688,1,99.5,12.5,1,1.0,24.3,2015-09-08
382139,2015-09-08 22:34:51,2015-09-08 23:07:32,4,-73.8466796875,40.7543373108,2,90.0,21.76,1,1.0,23.12,2015-09-08
382172,2015-09-08 22:46:33,2015-09-08 23:12:13,4,-73.8450393677,40.7548332214,1,60.5,20.2,1,1.0,16.72,2015-09-08
384361,2015-09-08 23:15:23,2015-09-08 23:34:29,4,-73.8076705933,40.7000389099,1,38.5,5.0,1,1.0,12.0,2015-09-08
385491,2015-09-09 00:06:56,2015-09-09 01:32:41,4,-73.8448181152,40.7550201416,1,176.0,27.31,1,1.0,40.49,2015-09-09
385689,2015-09-09 00:13:08,2015-09-09 01:04:14,4,-73.8455352783,40.7547874451,1,138.5,29.05,1,1.0,32.6,2015-09-09
392711,2015-09-09 08:55:28,2015-09-09 09:05:35,4,-73.8906860352,40.8836631775,5,19.5,4.06,1,1.0,4.28,2015-09-09
394595,2015-09-09 09:26:38,2015-09-09 09:41:27,4,-73.9405899048,40.8414916992,1,22.0,6.91,1,1.0,4.32,2015-09-09
401936,2015-09-09 12:44:03,2015-09-09 13:02:27,4,-73.8070831299,40.6993331909,1,32.5,6.66,1,1.0,9.18,2015-09-09
402911,2015-09-09 13:03:12,2015-09-09 13:23:38,4,-73.9425582886,40.8418159485,1,41.0,7.0,1,1.0,10.72,2015-09-09
411383,2015-09-09 16:17:25,2015-09-09 17:13:45,4,-73.8303985596,40.7593917847,1,71.0,5.0,1,1.0,18.77,2015-09-09
424799,2015-09-09 21:00:23,2015-09-09 21:39:48,4,-73.8446426392,40.7548561096,1,81.0,17.57,1,1.0,23.9,2015-09-09
425013,2015-09-09 21:17:15,2015-09-09 21:44:18,4,-73.8443222046,40.721370697,1,79.5,8.0,1,1.0,19.7,2015-09-09
425287,2015-09-09 21:22:05,2015-09-09 21:58:30,4,-73.9276885986,40.8301887512,5,75.5,16.31,1,1.0,24.71,2015-09-09
427706,2015-09-09 22:23:21,2015-09-09 22:47:49,4,-73.8448638916,40.7548866272,1,53.5,10.96,1,1.0,15.6,2015-09-09
427970,2015-09-09 22:27:10,2015-09-09 22:56:09,4,-73.8502807617,40.751335144,1,83.5,18.07,1,1.0,21.82,2015-09-09
428502,2015-09-09 22:48:41,2015-09-09 23:14:32,4,-73.8452987671,40.7547988892,5,58.5,5.0,1,1.0,16.64,2015-09-09
429036,2015-09-09 22:19:01,2015-09-09 22:47:21,4,-73.8479614258,40.7539863586,1,70.5,15.0,1,1.0,18.9,2015-09-09
432371,2015-09-10 00:25:16,2015-09-10 01:19:28,4,-73.9608383179,40.719165802,1,42.0,10.61,1,1.0,6.61,2015-09-10
434088,2015-09-10 02:04:11,2015-09-10 02:42:46,4,-73.8302612305,40.7596855164,2,58.0,11.86,1,1.0,12.78,2015-09-10
438241,2015-09-10 07:41:29,2015-09-10 08:22:20,4,-73.8911361694,40.8539543152,1,56.5,5.0,1,1.0,10.51,2015-09-10
440573,2015-09-10 08:44:42,2015-09-10 09:03:12,4,-73.8813400269,40.8824920654,1,27.5,2.0,1,1.0,4.82,2015-09-10
442684,2015-09-10 09:21:09,2015-09-10 09:41:12,4,-73.8074264526,40.7004051208,1,28.0,2.0,1,1.0,8.29,2015-09-10
443748,2015-09-10 09:13:05,2015-09-10 10:35:14,4,-74.0001525879,40.6843109131,2,105.5,16.0,1,1.0,22.32,2015-09-10
452404,2015-09-10 13:48:35,2015-09-10 14:31:09,4,-73.8343353271,40.7584571838,1,95.0,0.15,1,1.0,21.35,2015-09-10
463298,2015-09-10 17:18:39,2015-09-10 18:47:58,4,-73.947303772,40.7452011108,1,109.5,26.83,1,1.0,19.5,2015-09-10
463781,2015-09-10 17:32:47,2015-09-10 18:16:21,4,-73.7329864502,40.7118377686,3,37.5,1.0,1,1.0,6.6,2015-09-10
466366,2015-09-10 18:25:54,2015-09-10 18:56:59,4,-73.7544174194,40.7555885315,1,43.5,0.11,1,1.0,9.25,2015-09-10
466893,2015-09-10 18:48:18,2015-09-10 19:06:51,4,-73.8798065186,40.8797187805,6,36.0,5.0,1,1.0,7.23,2015-09-10
471081,2015-09-10 19:46:37,2015-09-10 20:32:14,4,-73.9558563232,40.7140007019,2,59.0,19.9,1,1.0,19.84,2015-09-10
474425,2015-09-10 20:53:51,2015-09-10 21:11:57,4,-73.8075866699,40.6999130249,1,31.0,6.46,1,1.0,10.33,2015-09-10
477547,2015-09-10 21:16:21,2015-09-10 22:00:20,4,-73.9034118652,40.7457504272,1,78.0,15.86,1,1.0,21.47,2015-09-10
477971,2015-09-10 21:12:34,2015-09-10 22:20:38,4,-73.9536361694,40.7442779541,1,106.5,15.0,1,1.0,22.02,2015-09-10
489146,2015-09-11 04:03:43,2015-09-11 04:36:32,4,-73.9103393555,40.6754875183,1,75.0,19.08,1,1.0,20.11,2015-09-11
493536,2015-09-11 08:18:07,2015-09-11 08:44:46,4,-73.8076095581,40.7007026672,1,33.5,2.0,1,1.0,8.74,2015-09-11
513455,2015-09-11 16:59:20,2015-09-11 18:03:29,4,-73.9895706177,40.6879196167,1,41.0,10.91,1,1.0,5.43,2015-09-11
516693,2015-09-11 17:42:27,2015-09-11 18:37:27,4,-73.9679031372,40.6397705078,2,87.0,20.0,1,1.0,26.04,2015-09-11
518897,2015-09-11 18:13:27,2015-09-11 18:41:26,4,-73.8079223633,40.700668335,1,37.5,7.86,1,1.0,9.55,2015-09-11
520261,2015-09-11 18:53:57,2015-09-11 19:11:33,4,-73.8884429932,40.8754730225,1,17.0,3.6,1,2.0,3.31,2015-09-11
523242,2015-09-11 19:36:16,2015-09-11 19:54:04,4,-73.8075256348,40.7001419067,1,28.0,5.96,1,1.0,8.5,2015-09-11
530286,2015-09-11 21:06:10,2015-09-11 21:32:53,4,-73.8449249268,40.7549362183,1,45.0,5.5,1,1.0,15.55,2015-09-11
532139,2015-09-11 21:47:40,2015-09-11 22:25:14,4,-73.8469543457,40.7541313171,1,58.0,18.65,1,1.0,16.95,2015-09-11
539192,2015-09-11 23:39:33,2015-09-11 23:57:34,4,-73.8071365356,40.6991233826,1,39.0,8.06,1,1.0,11.16,2015-09-11
539342,2015-09-11 23:45:26,2015-09-12 00:01:25,4,-73.9255065918,40.8287353516,1,24.5,7.11,1,1.0,5.74,2015-09-11
547483,2015-09-12 01:08:34,2015-09-12 01:51:18,4,-73.9609985352,40.7189331055,1,95.5,29.04,1,1.0,25.34,2015-09-12
549162,2015-09-12 02:14:09,2015-09-12 02:28:58,4,-73.8072509766,40.6992034912,1,28.5,2.0,1,1.0,8.61,2015-09-12
553360,2015-09-12 03:53:19,2015-09-12 04:27:36,4,-73.7419433594,40.7738418579,1,54.5,20.0,1,1.0,10.97,2015-09-12
564653,2015-09-12 11:33:50,2015-09-12 12:02:21,4,-73.8431854248,40.7209396362,1,40.5,8.26,1,1.0,12.16,2015-09-12
565324,2015-09-12 11:33:13,2015-09-12 12:05:40,4,-73.9138412476,40.7656021118,1,50.0,0.01,1,1.0,17.6,2015-09-12
569112,2015-09-12 13:29:29,2015-09-12 13:54:23,4,-73.8073043823,40.7004737854,1,30.5,3.0,1,1.0,7.74,2015-09-12
569641,2015-09-12 13:43:13,2015-09-12 14:22:17,4,-73.8443069458,40.7215309143,1,63.5,12.86,1,1.0,16.3,2015-09-12
576670,2015-09-12 16:59:01,2015-09-12 17:26:38,4,-73.7209243774,40.6631889343,1,54.5,5.0,1,1.0,8.81,2015-09-12
577552,2015-09-12 16:24:29,2015-09-12 16:36:20,4,-73.9369888306,40.8488960266,1,31.5,8.81,1,1.0,6.7,2015-09-12
578278,2015-09-12 16:18:51,2015-09-12 16:54:16,4,-73.8714447021,40.7341041565,1,39.0,7.96,1,1.0,12.28,2015-09-12
578373,2015-09-12 16:26:55,2015-09-12 16:56:45,4,-73.8294906616,40.7593917847,1,47.5,5.0,1,1.0,12.61,2015-09-12
586127,2015-09-12 18:59:59,2015-09-12 19:40:47,4,-73.9718322754,40.6875152588,2,34.5,9.41,1,1.0,7.2,2015-09-12
601231,2015-09-12 22:30:53,2015-09-12 22:51:29,4,-73.8070602417,40.6992149353,1,40.0,12.39,1,1.0,12.11,2015-09-12
605787,2015-09-12 23:18:28,2015-09-12 23:57:16,4,-73.956817627,40.7299842834,2,40.5,15.0,1,1.0,9.47,2015-09-12
612687,2015-09-13 01:16:29,2015-09-13 01:21:55,4,-73.8712844849,40.8965606689,1,13.0,2.86,1,1.0,2.8,2015-09-13
617432,2015-09-13 02:36:39,2015-09-13 03:01:07,4,-73.9459915161,40.8121528625,1,32.5,10.14,1,1.0,10.14,2015-09-13
619010,2015-09-13 03:14:50,2015-09-13 03:18:42,4,-73.8966751099,40.9130058289,1,7.5,2.2,1,1.0,0.75,2015-09-13
627521,2015-09-13 09:31:11,2015-09-13 10:12:37,4,-73.9033279419,40.7457885742,1,129.0,10.0,1,1.0,31.8,2015-09-13
628907,2015-09-13 10:17:50,2015-09-13 11:03:04,4,-73.9212799072,40.7666015625,1,80.5,22.78,1,1.0,20.36,2015-09-13
637817,2015-09-13 14:51:02,2015-09-13 15:37:09,4,-73.8075790405,40.7005653381,1,104.0,5.0,1,1.0,27.27,2015-09-13
642558,2015-09-13 16:04:59,2015-09-13 16:40:06,4,-73.8259811401,40.7428016663,1,64.5,7.0,1,1.0,14.99,2015-09-13
642613,2015-09-13 16:35:08,2015-09-13 16:41:48,4,-73.9377975464,40.8464050293,1,10.5,4.61,1,1.0,2.22,2015-09-13
642871,2015-09-13 16:29:00,2015-09-13 16:53:47,4,-73.8137817383,40.6968345642,1,67.5,10.0,1,1.0,16.41,2015-09-13
643534,2015-09-13 16:29:49,2015-09-13 16:49:01,4,-73.9530792236,40.8073616028,1,26.5,7.81,1,1.0,6.37,2015-09-13
644164,2015-09-13 16:30:09,2015-09-13 16:39:36,4,-73.9579086304,40.8111457825,1,7.5,1.65,1,1.0,1.3,2015-09-13
646049,2015-09-13 17:03:45,2015-09-13 17:54:33,4,-73.8072280884,40.6992034912,1,81.5,10.0,1,1.0,19.33,2015-09-13
646737,2015-09-13 17:30:20,2015-09-13 18:13:13,4,-73.8451538086,40.7548789978,5,81.5,16.46,1,1.0,20.53,2015-09-13
664111,2015-09-14 00:04:12,2015-09-14 00:25:17,4,-73.8798294067,40.8797035217,1,48.5,9.96,1,1.0,9.87,2015-09-14
675405,2015-09-14 10:42:52,2015-09-14 10:54:19,4,-73.8273544312,40.852809906,5,18.0,1.2,1,1.0,4.34,2015-09-14
677203,2015-09-14 11:25:08,2015-09-14 11:57:54,4,-73.8303909302,40.7595558167,2,58.0,10.88,1,1.0,13.87,2015-09-14
680913,2015-09-14 13:59:37,2015-09-14 14:46:14,4,-73.9667816162,40.696434021,1,73.0,20.89,1,1.0,18.28,2015-09-14
682139,2015-09-14 14:18:45,2015-09-14 14:49:12,4,-73.9009628296,40.7461166382,5,37.5,0.03,1,1.0,12.24,2015-09-14
684236,2015-09-14 15:54:35,2015-09-14 16:00:41,4,-73.8780670166,40.8865318298,5,10.5,2.26,1,1.0,2.27,2015-09-14
691501,2015-09-14 18:15:58,2015-09-14 19:11:34,4,-73.9579162598,40.7219276428,2,83.5,21.76,1,1.0,17.8,2015-09-14
696442,2015-09-14 20:55:07,2015-09-14 21:24:54,4,-73.8072357178,40.6989707947,1,65.5,8.2,1,1.0,15.82,2015-09-14
700378,2015-09-14 22:31:40,2015-09-14 23:07:39,4,-73.9030151367,40.7462615967,1,72.0,5.0,1,1.0,21.59,2015-09-14
708437,2015-09-15 07:59:54,2015-09-15 08:19:42,4,-73.8074569702,40.7003898621,1,30.0,3.0,1,1.0,10.3,2015-09-15
710813,2015-09-15 08:18:28,2015-09-15 08:57:26,4,-73.8399887085,40.7258911133,2,49.5,10.0,1,1.0,12.8,2015-09-15
716801,2015-09-15 12:00:53,2015-09-15 12:19:47,4,-73.9420776367,40.8419036865,1,38.0,4.0,1,1.0,9.75,2015-09-15
721660,2015-09-15 14:44:34,2015-09-15 15:40:30,4,-73.8070526123,40.6990890503,1,146.0,20.0,1,1.0,31.97,2015-09-15
728390,2015-09-15 17:49:59,2015-09-15 18:18:01,4,-73.8076934814,40.7004585266,1,52.0,13.45,1,1.0,13.54,2015-09-15
734125,2015-09-15 19:45:03,2015-09-15 20:10:27,4,-73.8076477051,40.700466156,1,66.0,13.56,1,1.0,16.68,2015-09-15
734230,2015-09-15 19:35:04,2015-09-15 20:22:48,4,-73.8073196411,40.699798584,1,97.0,2.0,1,1.0,26.27,2015-09-15
737553,2015-09-15 21:16:06,2015-09-15 22:35:24,4,-73.8440704346,40.7569007874,1,182.0,39.72,1,1.0,40.99,2015-09-15
740648,2015-09-15 22:27:44,2015-09-15 22:43:58,4,-73.8443832397,40.7214126587,1,34.5,5.0,1,1.0,10.87,2015-09-15
741031,2015-09-15 22:34:44,2015-09-15 22:59:56,4,-73.8450698853,40.7547454834,1,74.5,18.95,1,1.0,20.11,2015-09-15
742982,2015-09-15 23:22:11,2015-09-15 23:51:37,4,-73.8447875977,40.7583312988,1,62.0,12.66,1,1.0,16.81,2015-09-15
745007,2015-09-16 00:40:17,2015-09-16 01:25:43,4,-73.9493103027,40.7936553955,1,65.0,15.21,1,1.0,15.57,2015-09-16
748535,2015-09-16 06:00:28,2015-09-16 06:27:53,4,-73.8442764282,40.7213249207,6,57.5,17.64,1,1.0,14.39,2015-09-16
749480,2015-09-16 07:04:07,2015-09-16 07:35:55,4,-73.807510376,40.700340271,1,75.0,15.16,1,1.0,18.09,2015-09-16
750476,2015-09-16 07:14:35,2015-09-16 08:26:40,4,-73.8073501587,40.7000350952,1,190.5,20.0,1,1.0,41.36,2015-09-16
752873,2015-09-16 08:30:49,2015-09-16 09:18:24,4,-73.8074493408,40.7004356384,1,75.0,18.95,1,1.0,17.93,2015-09-16
759288,2015-09-16 11:20:51,2015-09-16 11:54:21,4,-73.8070983887,40.7002182007,1,91.0,15.0,1,1.0,21.83,2015-09-16
764602,2015-09-16 14:29:07,2015-09-16 15:18:02,4,-73.9429092407,40.8400840759,1,175.5,38.21,1,1.0,36.23,2015-09-16
764718,2015-09-16 14:52:35,2015-09-16 18:50:11,4,-73.8983459473,40.6668586731,1,238.0,10.0,1,1.0,31.37,2015-09-16
765298,2015-09-16 14:08:15,2015-09-16 14:34:31,4,-73.8076705933,40.7002258301,2,35.0,7.16,1,1.0,9.11,2015-09-16
772570,2015-09-16 17:01:41,2015-09-16 17:45:42,4,-73.942565918,40.8410110474,1,69.5,5.0,1,1.0,17.37,2015-09-16
773576,2015-09-16 17:24:16,2015-09-16 18:16:58,4,-73.9438858032,40.7479515076,1,70.0,17.82,1,1.0,17.49,2015-09-16
774120,2015-09-16 17:22:21,2015-09-16 18:11:37,4,-73.8075332642,40.7003250122,1,67.5,5.0,1,1.0,17.0,2015-09-16
779810,2015-09-16 19:46:13,2015-09-16 20:15:13,4,-73.8659133911,40.7685241699,1,64.5,13.26,1,1.0,18.27,2015-09-16
780219,2015-09-16 19:40:20,2015-09-16 19:54:31,4,-73.9710617065,40.689617157,1,11.0,2.0,1,1.0,2.3,2015-09-16
780551,2015-09-16 19:07:51,2015-09-16 19:26:33,4,-73.9866943359,40.702583313,1,31.5,6.65,1,1.0,4.6,2015-09-16
782823,2015-09-16 20:59:21,2015-09-16 21:23:36,4,-73.8099365234,40.6980514526,1,66.0,13.46,1,1.0,16.58,2015-09-16
784229,2015-09-16 21:17:43,2015-09-16 21:31:51,4,-73.8809509277,40.8614959717,1,33.5,6.8,1,1.0,8.59,2015-09-16
785854,2015-09-16 21:28:01,2015-09-16 22:04:23,4,-73.844581604,40.7579574585,1,100.5,26.8,1,1.0,24.4,2015-09-16
787330,2015-09-16 22:22:36,2015-09-16 22:48:58,4,-73.8800430298,40.8825035095,1,51.5,2.0,1,1.0,17.45,2015-09-16
790191,2015-09-16 23:53:57,2015-09-17 00:17:47,4,-73.9402084351,40.8407173157,1,57.0,11.66,1,1.0,17.06,2015-09-16
790242,2015-09-16 23:59:23,2015-09-17 00:42:38,4,-73.8071212769,40.6990242004,1,147.0,10.0,1,1.0,32.54,2015-09-16
796224,2015-09-17 06:24:38,2015-09-17 06:56:37,4,-73.9118118286,40.7664260864,1,57.5,10.0,1,1.0,16.42,2015-09-17
804473,2015-09-17 10:35:04,2015-09-17 10:52:12,4,-73.9317092896,40.8484268188,1,30.5,7.82,1,1.0,10.8,2015-09-17
805379,2015-09-17 10:30:21,2015-09-17 11:09:54,4,-73.9473800659,40.7482414246,1,57.0,11.55,1,1.0,18.8,2015-09-17
808131,2015-09-17 12:21:20,2015-09-17 12:36:11,4,-73.807510376,40.701007843,1,37.0,7.56,1,1.0,10.95,2015-09-17
810864,2015-09-17 13:43:18,2015-09-17 14:16:12,4,-73.8550491333,40.785243988,1,58.0,10.0,1,1.0,14.85,2015-09-17
813154,2015-09-17 14:09:59,2015-09-17 15:16:44,4,-73.9600448608,40.7156982422,1,85.0,19.11,1,1.0,15.57,2015-09-17
816478,2015-09-17 15:04:45,2015-09-17 15:05:03,4,-73.9802932739,40.6887741089,1,0.0,15.0,1,1.0,1.3,2015-09-17
832439,2015-09-17 20:03:29,2015-09-17 20:22:42,4,-73.9872817993,40.6922340393,1,10.0,3.35,1,1.0,3.0,2015-09-17
835327,2015-09-17 21:05:23,2015-09-17 21:19:19,4,-73.9476089478,40.7904319763,1,32.5,6.25,1,1.0,5.4,2015-09-17
837098,2015-09-17 22:41:51,2015-09-17 23:00:35,4,-73.799041748,40.7049980164,1,27.0,5.66,1,1.0,8.49,2015-09-17
843121,2015-09-18 01:07:14,2015-09-18 01:22:20,4,-73.9513778687,40.8121910095,2,27.0,4.0,1,2.0,7.13,2015-09-18
843899,2015-09-18 01:46:04,2015-09-18 02:08:11,4,-73.807762146,40.6986808777,1,46.5,9.56,1,1.0,12.14,2015-09-18
848123,2015-09-18 06:57:32,2015-09-18 07:36:39,4,-73.9723968506,40.6910934448,1,76.5,6.0,1,1.0,15.92,2015-09-18
849464,2015-09-18 07:21:16,2015-09-18 08:11:48,4,-73.9033584595,40.7458152771,1,58.5,5.0,1,1.0,16.49,2015-09-18
858404,2015-09-18 11:51:37,2015-09-18 12:11:56,4,-73.7350082397,40.7186813354,1,29.5,5.0,1,1.0,4.82,2015-09-18
860395,2015-09-18 12:56:13,2015-09-18 13:35:05,4,-73.8074417114,40.6993179321,1,73.0,5.0,1,1.0,25.37,2015-09-18
863186,2015-09-18 14:13:50,2015-09-18 14:35:05,4,-73.9424819946,40.8413696289,1,24.0,2.0,1,1.0,6.66,2015-09-18
863619,2015-09-18 14:31:58,2015-09-18 14:46:40,4,-73.8799438477,40.879611969,3,21.5,2.0,1,1.0,4.37,2015-09-18
863943,2015-09-18 14:30:05,2015-09-18 15:03:20,4,-73.8295669556,40.7597045898,1,26.5,5.46,1,1.0,6.23,2015-09-18
866760,2015-09-18 15:55:26,2015-09-18 16:14:42,4,-73.8991851807,40.8717269897,3,31.0,6.2,1,2.0,6.89,2015-09-18
876968,2015-09-18 18:57:34,2015-09-18 19:18:12,4,-73.8443374634,40.7213630676,1,40.5,9.57,1,1.0,14.82,2015-09-18
877816,2015-09-18 18:14:09,2015-09-18 19:21:38,4,-73.9189605713,40.8178329468,1,106.5,21.65,1,1.0,24.8,2015-09-18
880817,2015-09-18 19:22:41,2015-09-18 20:08:59,4,-73.8077011108,40.700378418,1,99.0,20.16,1,1.0,22.7,2015-09-18
886802,2015-09-18 21:00:52,2015-09-18 21:30:07,4,-73.7509689331,40.5950279236,1,75.0,30.0,1,1.0,14.01,2015-09-18
887995,2015-09-18 21:34:27,2015-09-18 21:53:18,4,-73.909362793,40.8743553162,5,22.0,2.0,1,1.0,4.25,2015-09-18
889321,2015-09-18 21:43:40,2015-09-18 22:50:31,4,-73.8444824219,40.7577095032,2,174.0,36.15,1,1.0,41.7,2015-09-18
892586,2015-09-18 22:33:51,2015-09-18 23:08:06,4,-73.8425216675,40.755771637,1,49.5,12.7,1,1.0,14.4,2015-09-18
895103,2015-09-18 23:13:34,2015-09-18 23:34:46,4,-73.8457336426,40.7546882629,1,46.0,5.7,1,1.0,13.49,2015-09-18
895748,2015-09-18 23:15:46,2015-09-18 23:47:05,4,-73.9563064575,40.7171821594,1,52.0,10.66,1,1.0,16.53,2015-09-18
896924,2015-09-18 23:50:56,2015-09-19 00:11:17,4,-73.808013916,40.7016487122,1,22.0,4.66,1,1.0,6.51,2015-09-18
902190,2015-09-19 01:07:12,2015-09-19 01:38:12,4,-73.8458404541,40.7545623779,1,110.5,22.36,1,1.0,29.89,2015-09-19
903690,2015-09-19 01:56:40,2015-09-19 02:31:09,4,-73.8068771362,40.6992301941,1,101.5,20.56,1,1.0,23.77,2015-09-19
907234,2015-09-19 02:19:35,2015-09-19 02:46:25,4,-73.8070907593,40.6992950439,1,90.5,10.0,1,1.0,22.2,2015-09-19
908034,2015-09-19 02:42:49,2015-09-19 03:11:31,4,-73.8352432251,40.7431221008,1,93.5,15.0,1,1.0,21.27,2015-09-19
909691,2015-09-19 03:05:53,2015-09-19 03:41:18,4,-73.9234237671,40.7525558472,1,99.0,20.06,1,1.0,26.44,2015-09-19
912084,2015-09-19 04:08:30,2015-09-19 04:37:53,4,-73.8896179199,40.7469978333,6,53.0,14.96,1,1.0,17.37,2015-09-19
924481,2015-09-19 12:24:52,2015-09-19 12:43:05,4,-73.8301544189,40.7137031555,1,23.5,3.5,1,2.0,7.47,2015-09-19
926212,2015-09-19 13:58:11,2015-09-19 15:22:54,4,-73.8076858521,40.7003173828,1,262.5,15.0,1,1.0,55.77,2015-09-19
927622,2015-09-19 13:39:48,2015-09-19 14:00:31,4,-73.8987503052,40.8896560669,1,46.5,5.0,1,1.0,9.45,2015-09-19
929035,2015-09-19 14:16:26,2015-09-19 14:38:32,4,-73.8074569702,40.7006416321,2,30.5,6.26,1,1.0,9.11,2015-09-19
933716,2015-09-19 15:33:09,2015-09-19 16:33:38,4,-73.8437042236,40.7561302185,1,119.5,30.08,1,1.0,27.65,2015-09-19
938837,2015-09-19 17:16:11,2015-09-19 17:34:24,4,-73.8809585571,40.861530304,1,32.5,6.66,1,1.0,7.29,2015-09-19
944288,2015-09-19 18:53:54,2015-09-19 19:41:35,4,-73.8132781982,40.716091156,1,124.5,10.0,1,1.0,31.26,2015-09-19
944994,2015-09-19 18:16:45,2015-09-19 18:52:32,4,-73.8458938599,40.7546768188,1,50.0,10.15,1,1.0,15.5,2015-09-19
950512,2015-09-19 20:09:14,2015-09-19 20:54:16,4,-73.886138916,40.8587112427,1,97.0,19.66,1,1.0,27.23,2015-09-19
962980,2015-09-19 23:20:56,2015-09-19 23:38:22,4,-73.8638687134,40.8528862,5,45.5,9.36,1,1.0,10.83,2015-09-19
972076,2015-09-20 01:15:05,2015-09-20 01:34:57,4,-73.8120651245,40.7051429749,6,51.0,8.0,1,1.0,14.71,2015-09-20
972456,2015-09-20 01:31:38,2015-09-20 01:54:45,4,-73.8913269043,40.7463874817,1,45.5,9.36,1,1.0,14.73,2015-09-20
973710,2015-09-20 01:53:49,2015-09-20 02:06:16,4,-73.876083374,40.8956756592,1,34.0,7.06,1,1.0,6.89,2015-09-20
973829,2015-09-20 01:58:04,2015-09-20 02:19:40,4,-73.9343261719,40.8485183716,1,42.0,5.0,1,1.0,13.85,2015-09-20
976357,2015-09-20 02:37:42,2015-09-20 02:47:43,4,-73.8795089722,40.8753166199,5,13.0,2.86,1,1.0,3.02,2015-09-20
976545,2015-09-20 02:14:09,2015-09-20 02:40:35,4,-73.8070526123,40.6992797852,1,88.0,22.32,1,1.0,22.3,2015-09-20
976747,2015-09-20 02:13:20,2015-09-20 02:38:10,4,-73.8075942993,40.6995353699,1,56.5,14.45,1,1.0,15.01,2015-09-20
976812,2015-09-20 02:16:07,2015-09-20 02:38:51,4,-73.8072052002,40.6992759705,1,46.0,9.46,1,1.0,13.61,2015-09-20
986796,2015-09-20 08:12:35,2015-09-20 08:42:30,4,-73.9389419556,40.8494529724,1,99.5,22.01,1,1.0,19.29,2015-09-20
989194,2015-09-20 10:31:58,2015-09-20 10:48:20,4,-73.8298797607,40.7136726379,5,36.5,7.46,1,1.0,11.03,2015-09-20
991594,2015-09-20 11:54:02,2015-09-20 12:09:06,4,-73.9399490356,40.8374481201,1,37.5,10.01,1,1.0,7.66,2015-09-20
992058,2015-09-20 11:35:37,2015-09-20 12:11:37,4,-73.9898223877,40.6910934448,1,34.0,9.56,1,1.0,8.9,2015-09-20
996141,2015-09-20 13:43:53,2015-09-20 14:30:06,4,-73.8076324463,40.7004470825,1,77.5,15.66,1,1.0,23.15,2015-09-20
996362,2015-09-20 13:51:16,2015-09-20 14:45:54,4,-73.8304367065,40.7592811584,1,87.5,22.08,1,1.0,18.07,2015-09-20
1003919,2015-09-20 16:21:54,2015-09-20 17:17:44,4,-73.9828186035,40.6777572632,1,103.5,24.32,1,1.0,21.57,2015-09-20
1012668,2015-09-20 19:40:18,2015-09-20 20:24:51,4,-73.8070602417,40.6990852356,1,103.5,20.86,1,1.0,24.34,2015-09-20
1014911,2015-09-20 20:43:00,2015-09-20 21:06:43,4,-73.9665374756,40.8042068481,1,34.0,7.57,1,1.0,10.65,2015-09-20
1017786,2015-09-20 21:00:43,2015-09-20 22:15:58,4,-73.8374710083,40.7627067566,2,122.0,46.16,1,1.0,39.58,2015-09-20
1020978,2015-09-20 22:59:30,2015-09-20 23:25:41,4,-73.9034042358,40.7456436157,1,41.0,3.0,1,1.0,14.6,2015-09-20
1021873,2015-09-20 23:12:10,2015-09-20 23:31:54,4,-73.807220459,40.6992874146,1,22.0,3.0,1,1.0,6.8,2015-09-20
1024646,2015-09-21 00:24:04,2015-09-21 00:57:12,4,-73.8980255127,40.7457389832,2,97.5,29.64,1,1.0,24.59,2015-09-21
1024949,2015-09-21 00:58:51,2015-09-21 01:31:02,4,-73.8075332642,40.7002563477,1,91.0,5.0,1,1.0,21.4,2015-09-21
1025614,2015-09-21 01:08:45,2015-09-21 01:37:07,4,-73.8304367065,40.7595405579,1,59.0,12.06,1,1.0,14.88,2015-09-21
1025742,2015-09-21 01:14:03,2015-09-21 01:40:05,4,-73.8079223633,40.7009124756,1,50.0,12.82,1,1.0,13.23,2015-09-21
1026096,2015-09-21 01:58:26,2015-09-21 02:39:25,4,-73.9031219482,40.746181488,1,89.0,10.0,1,1.0,25.2,2015-09-21
1026738,2015-09-21 02:39:31,2015-09-21 02:54:22,4,-73.8085708618,40.6983947754,1,25.0,7.89,1,1.0,7.97,2015-09-21
1034413,2015-09-21 09:14:18,2015-09-21 09:35:57,4,-73.8075180054,40.7002868652,1,30.5,6.26,1,1.0,8.59,2015-09-21
1035550,2015-09-21 09:27:36,2015-09-21 10:40:37,4,-73.9627990723,40.7183074951,1,86.0,19.71,1,1.0,15.63,2015-09-21
1046842,2015-09-21 15:53:40,2015-09-21 16:33:40,4,-73.8277893066,40.7129058838,1,37.5,2.0,1,1.0,9.4,2015-09-21
1055171,2015-09-21 19:46:30,2015-09-21 20:14:30,4,-73.937538147,40.8485679626,1,69.5,20.76,1,1.0,13.63,2015-09-21
1061468,2015-09-21 21:15:20,2015-09-21 21:47:06,4,-73.8458480835,40.7545852661,2,44.5,12.22,1,1.0,14.2,2015-09-21
1061893,2015-09-21 21:37:10,2015-09-21 22:04:26,4,-73.8451385498,40.7547798157,1,51.0,13.08,1,1.0,14.88,2015-09-21
1070531,2015-09-22 07:00:57,2015-09-22 07:21:26,4,-73.844329834,40.7215461731,1,34.0,1.0,1,1.0,10.58,2015-09-22
1072935,2015-09-22 08:34:27,2015-09-22 08:54:03,4,-73.8075714111,40.7005310059,1,31.5,8.08,1,1.0,8.95,2015-09-22
1074823,2015-09-22 09:13:35,2015-09-22 09:33:17,4,-73.8076095581,40.7003746033,1,30.0,2.0,1,1.0,8.69,2015-09-22
1083686,2015-09-22 14:23:44,2015-09-22 14:30:20,4,-73.9395065308,40.8479118347,1,11.0,5.39,1,1.0,2.27,2015-09-22
1084936,2015-09-22 14:44:48,2015-09-22 15:45:06,4,-73.9787597656,40.6832618713,1,52.64,10.65,1,1.0,17.6,2015-09-22
1097419,2015-09-22 19:28:10,2015-09-22 20:07:49,4,-73.9542922974,40.7427597046,1,86.0,21.95,1,1.0,23.62,2015-09-22
1099946,2015-09-22 20:39:13,2015-09-22 21:53:32,4,-73.9028091431,40.7462806702,1,179.5,36.16,1,1.0,40.08,2015-09-22
1102390,2015-09-22 21:48:44,2015-09-22 22:14:34,4,-73.8069076538,40.699546814,1,43.0,11.08,1,1.0,12.77,2015-09-22
1103823,2015-09-22 22:10:41,2015-09-22 22:42:09,4,-73.8437957764,40.7563667297,1,58.5,11.96,1,1.0,15.22,2015-09-22
1104137,2015-09-22 22:07:27,2015-09-22 22:52:27,4,-73.8463058472,40.7546043396,1,70.5,21.77,1,1.0,20.48,2015-09-22
1106417,2015-09-22 23:50:08,2015-09-23 00:19:18,4,-73.9104690552,40.6851158142,1,50.0,30.0,1,1.0,14.51,2015-09-22
1108549,2015-09-23 01:19:12,2015-09-23 01:41:06,4,-73.8071289062,40.6997337341,1,63.0,12.86,1,1.0,16.21,2015-09-23
1111279,2015-09-23 06:40:06,2015-09-23 07:22:14,4,-73.9166641235,40.7759361267,1,80.0,19.62,1,1.0,18.63,2015-09-23
1111477,2015-09-23 06:07:58,2015-09-23 06:48:57,4,-73.9030227661,40.7460289001,1,138.5,2.0,1,1.0,33.8,2015-09-23
1115866,2015-09-23 09:13:57,2015-09-23 09:59:45,4,-73.8070907593,40.6992416382,3,161.0,40.45,1,1.0,36.0,2015-09-23
1121530,2015-09-23 12:56:36,2015-09-23 13:00:09,4,-73.685585022,40.7488594055,2,7.0,1.0,1,1.0,1.2,2015-09-23
1127071,2015-09-23 15:59:28,2015-09-23 16:36:04,4,-73.807472229,40.700668335,1,64.5,10.1,1,1.0,16.3,2015-09-23
1144642,2015-09-23 22:39:55,2015-09-23 23:11:04,4,-73.9561386108,40.7141685486,2,58.0,19.45,1,1.0,20.29,2015-09-23
1146763,2015-09-23 23:40:05,2015-09-24 00:07:08,4,-73.94480896,40.7476921082,5,51.0,15.69,1,1.0,16.42,2015-09-23
1147980,2015-09-23 23:03:03,2015-09-23 23:29:06,4,-73.9524459839,40.7897644043,1,43.0,8.85,1,1.0,14.3,2015-09-23
1161998,2015-09-24 12:12:55,2015-09-24 12:49:09,4,-73.8074874878,40.7003593445,1,60.0,10.0,1,1.0,13.46,2015-09-24
1162383,2015-09-24 12:43:47,2015-09-24 13:05:12,4,-73.8305206299,40.759513855,2,40.5,8.26,1,1.0,13.64,2015-09-24
1165065,2015-09-24 14:24:39,2015-09-25 00:00:00,4,-73.8072891235,40.6993751526,1,37.0,5.67,1,1.0,10.09,2015-09-24
1174636,2015-09-24 18:36:43,2015-09-24 19:13:53,4,-73.9618911743,40.8106269836,2,48.5,7.0,1,1.0,11.04,2015-09-24
1175159,2015-09-24 18:40:13,2015-09-24 19:01:34,4,-73.8642654419,40.7313613892,1,42.5,4.0,1,1.0,13.14,2015-09-24
1176684,2015-09-24 19:29:04,2015-09-24 19:55:01,4,-73.8669586182,40.7693557739,1,62.0,12.76,1,1.0,18.37,2015-09-24
1176907,2015-09-24 19:39:20,2015-09-24 20:02:04,4,-73.8100738525,40.6980209351,1,45.5,11.82,1,1.0,12.39,2015-09-24
1177890,2015-09-24 19:08:21,2015-09-24 19:45:34,4,-73.8851165771,40.7555274963,5,52.0,4.0,1,1.0,15.5,2015-09-24
1180554,2015-09-24 20:43:30,2015-09-24 22:12:37,4,-73.9908599854,40.6931381226,1,119.5,24.16,1,1.0,37.67,2015-09-24
1183074,2015-09-24 21:46:18,2015-09-24 22:27:30,4,-73.8442382812,40.7213287354,1,63.0,15.92,1,1.0,18.72,2015-09-24
1184961,2015-09-24 22:12:09,2015-09-24 23:09:07,4,-73.9228286743,40.8265037537,5,95.0,15.0,1,1.0,25.54,2015-09-24
1187069,2015-09-24 23:17:37,2015-09-24 23:41:01,4,-73.807144165,40.6992225647,1,22.5,4.0,1,1.0,6.76,2015-09-24
1187166,2015-09-24 23:38:33,2015-09-25 00:00:00,4,-73.9588470459,40.8152160645,1,51.0,10.97,1,1.0,13.88,2015-09-24
1189215,2015-09-25 00:47:32,2015-09-25 01:12:02,4,-73.8075866699,40.6987609863,1,57.0,11.66,1,1.0,15.99,2015-09-25
1196469,2015-09-25 08:02:27,2015-09-25 08:46:36,4,-73.8075256348,40.7008781433,1,76.5,9.0,1,1.0,18.88,2015-09-25
1197039,2015-09-25 08:06:56,2015-09-25 08:32:56,4,-73.8076248169,40.7009735107,1,33.0,2.0,1,1.0,8.71,2015-09-25
1198198,2015-09-25 08:24:19,2015-09-25 09:39:29,4,-73.9599838257,40.7199554443,1,135.0,17.0,1,1.0,32.2,2015-09-25
1201187,2015-09-25 10:40:04,2015-09-25 11:06:15,4,-73.8072433472,40.6995773315,1,42.5,5.0,1,1.0,12.2,2015-09-25
1206923,2015-09-25 13:07:25,2015-09-25 13:21:58,4,-73.8396911621,40.7193222046,1,27.0,12.0,1,1.0,9.48,2015-09-25
1207269,2015-09-25 13:50:54,2015-09-25 14:11:43,4,-73.830368042,40.759552002,1,42.0,8.56,1,1.0,13.92,2015-09-25
1208802,2015-09-25 14:28:58,2015-09-25 14:58:25,4,-73.830329895,40.7595558167,1,35.5,7.26,1,1.0,10.27,2015-09-25
1212166,2015-09-25 15:57:10,2015-09-25 16:31:53,4,-73.8613586426,40.8767967224,1,51.5,12.81,1,1.0,14.1,2015-09-25
1218116,2015-09-25 17:07:26,2015-09-25 17:52:14,4,-73.8076248169,40.7008018494,1,69.5,19.21,1,1.0,19.85,2015-09-25
1221932,2015-09-25 18:29:28,2015-09-25 19:05:03,4,-73.8075637817,40.7009353638,1,44.0,9.16,1,1.0,10.28,2015-09-25
1224998,2015-09-25 19:54:57,2015-09-25 20:28:32,4,-73.7658538818,40.7125778198,1,44.0,11.45,1,1.0,7.85,2015-09-25
1225311,2015-09-25 19:25:46,2015-09-25 20:08:40,4,-73.919380188,40.7591514587,5,57.5,11.86,1,1.0,17.64,2015-09-25
1225958,2015-09-25 19:58:54,2015-09-25 20:19:13,4,-73.8443527222,40.7214393616,1,40.0,9.47,1,1.0,14.67,2015-09-25
1229219,2015-09-25 20:59:52,2015-09-25 21:07:45,4,-73.939453125,40.8480911255,1,21.0,6.41,1,1.0,4.18,2015-09-25
1237301,2015-09-25 22:25:55,2015-09-25 23:06:23,4,-73.9559860229,40.7140197754,1,63.5,17.58,1,1.0,22.33,2015-09-25
1245123,2015-09-26 00:04:34,2015-09-26 00:51:52,4,-73.9518432617,40.7188949585,1,111.0,5.0,1,1.0,33.09,2015-09-26
1249324,2015-09-26 01:29:33,2015-09-26 02:07:39,4,-73.9557037354,40.7217178345,2,83.5,16.95,1,1.0,23.3,2015-09-26
1261203,2015-09-26 09:34:09,2015-09-26 10:01:52,4,-73.8094558716,40.6923027039,3,69.0,8.0,1,1.0,16.3,2015-09-26
1262144,2015-09-26 10:03:50,2015-09-26 10:19:50,4,-73.9425048828,40.8408432007,1,46.5,9.97,1,1.0,12.14,2015-09-26
1265662,2015-09-26 11:14:59,2015-09-26 12:11:59,4,-73.8071060181,40.6990966797,1,108.5,5.0,1,1.0,37.0,2015-09-26
1265725,2015-09-26 11:23:16,2015-09-26 11:51:23,4,-73.9213638306,40.7667312622,1,45.0,5.0,1,1.0,16.29,2015-09-26
1267707,2015-09-26 12:57:35,2015-09-26 13:36:29,4,-73.8074874878,40.6995162964,1,82.0,10.0,1,1.0,21.1,2015-09-26
1269497,2015-09-26 13:30:20,2015-09-26 13:54:43,4,-73.8072738647,40.7008514404,1,38.0,11.64,1,1.0,10.06,2015-09-26
1293042,2015-09-26 20:12:35,2015-09-26 20:50:26,4,-73.7651062012,40.6920776367,5,59.0,12.06,1,1.0,16.36,2015-09-26
1293739,2015-09-26 20:02:12,2015-09-26 20:48:15,4,-73.8082809448,40.6985702515,1,63.5,10.0,1,1.0,11.95,2015-09-26
1294209,2015-09-26 20:30:55,2015-09-26 20:54:55,4,-74.0397796631,40.7315788269,1,57.5,14.01,1,1.0,10.46,2015-09-26
1299199,2015-09-26 21:12:28,2015-09-26 21:44:37,4,-73.9455566406,40.786190033,1,50.5,10.35,1,1.0,7.1,2015-09-26
1306626,2015-09-26 23:53:53,2015-09-27 00:39:49,4,-73.951675415,40.714805603,1,33.0,6.86,1,1.0,6.08,2015-09-26
1308200,2015-09-27 00:01:52,2015-09-27 00:28:01,4,-73.8191146851,40.8224105835,1,78.0,10.0,1,1.0,17.78,2015-09-27
1309592,2015-09-27 00:40:54,2015-09-27 00:58:47,4,-73.8075408936,40.7002983093,1,32.0,5.0,1,1.0,11.54,2015-09-27
1312158,2015-09-27 00:00:29,2015-09-27 00:11:15,4,-73.9894256592,40.6654052734,1,10.5,2.0,1,1.0,2.5,2015-09-27
1313639,2015-09-27 01:54:26,2015-09-27 02:02:22,4,-73.9392852783,40.8479232788,1,21.0,6.41,1,1.0,4.26,2015-09-27
1313816,2015-09-27 01:14:20,2015-09-27 01:43:15,4,-73.8677597046,40.7312088013,1,62.0,12.66,1,1.0,17.2,2015-09-27
1314078,2015-09-27 01:45:13,2015-09-27 02:11:37,4,-73.9222106934,40.6734886169,1,43.5,4.08,1,1.0,13.16,2015-09-27
1318723,2015-09-27 02:32:16,2015-09-27 02:46:51,4,-73.8078155518,40.6996765137,1,25.0,5.26,1,1.0,7.79,2015-09-27
1322473,2015-09-27 04:07:41,2015-09-27 04:31:36,4,-73.9583892822,40.7219085693,1,23.0,6.81,1,1.0,5.19,2015-09-27
1336419,2015-09-27 13:59:54,2015-09-27 15:07:44,4,-73.9617538452,40.719493866,5,96.0,27.14,1,1.0,18.8,2015-09-27
1341337,2015-09-27 15:53:21,2015-09-27 16:15:50,4,-73.9279632568,40.8296279907,1,52.0,5.0,1,1.0,12.8,2015-09-27
1347577,2015-09-27 18:10:47,2015-09-27 18:22:21,4,-73.9395141602,40.8479347229,1,26.5,7.0,1,1.0,5.0,2015-09-27
1349356,2015-09-27 18:42:33,2015-09-27 19:42:40,4,-73.9639892578,40.8081588745,1,61.5,14.65,1,2.0,12.77,2015-09-27
1352433,2015-09-27 19:37:40,2015-09-27 20:36:45,4,-73.9748916626,40.6806945801,1,89.5,18.06,1,1.0,27.34,2015-09-27
1366520,2015-09-28 04:01:41,2015-09-28 04:12:51,4,-73.7238082886,40.7637710571,5,47.5,5.0,1,1.0,9.31,2015-09-28
1370584,2015-09-28 08:17:57,2015-09-28 09:19:22,4,-73.9876556396,40.7012825012,3,135.0,15.0,1,1.0,34.79,2015-09-28
1380052,2015-09-28 13:55:15,2015-09-28 14:34:03,4,-73.8074798584,40.7002601624,1,80.0,15.0,1,1.0,19.67,2015-09-28
1386671,2015-09-28 16:21:03,2015-09-28 16:53:41,4,-73.8071517944,40.7000961304,1,36.5,7.66,1,1.0,9.97,2015-09-28
1387603,2015-09-28 16:26:27,2015-09-28 16:53:41,4,-73.8803939819,40.8799171448,5,37.5,13.4,1,1.0,11.06,2015-09-28
1392990,2015-09-28 18:20:06,2015-09-28 18:48:29,4,-73.9425735474,40.8409118652,1,55.5,14.96,1,1.0,13.16,2015-09-28
1398029,2015-09-28 20:04:08,2015-09-28 21:03:19,4,-73.9943695068,40.7028236389,1,83.0,18.81,1,1.0,18.02,2015-09-28
1398402,2015-09-28 20:09:22,2015-09-28 20:49:34,4,-73.844329834,40.7213287354,1,93.5,18.96,1,1.0,21.17,2015-09-28
1398630,2015-09-28 20:45:26,2015-09-28 21:37:23,4,-73.9573059082,40.7212219238,1,104.5,27.8,1,1.0,29.4,2015-09-28
1402316,2015-09-28 22:54:28,2015-09-28 23:17:04,4,-73.7820281982,40.7129936218,5,63.0,12.86,1,1.0,15.37,2015-09-28
1403284,2015-09-28 23:40:08,2015-09-29 00:04:50,4,-73.8299179077,40.7136688232,1,42.0,2.7,1,1.0,11.24,2015-09-28
1404330,2015-09-28 23:12:31,2015-09-28 23:42:50,4,-73.9255142212,40.8285102844,1,62.0,12.66,1,1.0,15.07,2015-09-28
1407366,2015-09-29 03:45:08,2015-09-29 03:54:34,4,-73.9397659302,40.849445343,1,20.0,6.21,1,1.0,3.56,2015-09-29
1413643,2015-09-29 09:44:53,2015-09-30 09:11:50,4,-73.9584350586,40.7182579041,1,77.5,15.66,1,1.0,20.85,2015-09-29
1415879,2015-09-29 10:48:08,2015-09-30 00:00:00,4,-73.902923584,40.7467689514,1,175.0,8.79,1,1.0,40.87,2015-09-29
1416342,2015-09-29 10:18:59,2015-09-29 10:59:00,4,-73.9397201538,40.6746368408,5,32.0,14.34,1,1.0,5.15,2015-09-29
1419677,2015-09-29 12:54:25,2015-09-29 13:42:11,4,-73.9399795532,40.8025665283,1,133.0,28.71,1,1.0,27.59,2015-09-29
1427667,2015-09-29 16:37:53,2015-09-29 16:53:52,4,-73.8786621094,40.8811302185,5,28.5,6.06,1,1.0,6.06,2015-09-29
1429247,2015-09-29 16:45:06,2015-09-29 17:08:50,4,-73.8891143799,40.8601799011,1,22.0,4.76,1,1.0,4.9,2015-09-29
1429990,2015-09-29 17:37:46,2015-09-30 00:00:00,4,-73.9412002563,40.8415603638,1,26.5,6.01,1,1.0,4.98,2015-09-29
1444790,2015-09-29 22:47:52,2015-09-29 23:31:52,4,-73.8160018921,40.7026481628,1,122.5,24.76,1,1.0,29.07,2015-09-29
1445356,2015-09-29 22:17:00,2015-09-29 23:16:19,4,-73.9241104126,40.8269767761,2,207.5,41.76,1,1.0,44.17,2015-09-29
1445357,2015-09-29 22:13:11,2015-09-29 23:20:31,4,-73.9529342651,40.7423553467,1,120.5,24.36,1,1.0,24.58,2015-09-29
1445730,2015-09-29 22:00:18,2015-09-29 22:17:51,4,-73.8067169189,40.699432373,1,36.5,3.0,1,1.0,10.55,2015-09-29
1452532,2015-09-30 06:36:18,2015-09-30 07:01:05,4,-73.8071594238,40.6991577148,3,41.5,5.0,1,1.0,12.24,2015-09-30
1455741,2015-09-30 08:19:32,2015-09-30 09:10:14,4,-73.7851257324,40.7122917175,1,65.5,3.0,1,1.0,12.72,2015-09-30
1457044,2015-09-30 08:39:54,2015-09-30 09:03:54,4,-73.8077392578,40.7003135681,1,30.5,7.82,1,1.0,9.72,2015-09-30
1459058,2015-09-30 09:19:37,2015-09-30 09:40:43,4,-73.8076019287,40.7002868652,1,30.0,2.0,1,1.0,8.67,2015-09-30
1467344,2015-09-30 13:19:49,2015-09-30 13:45:23,4,-73.8077468872,40.7004013062,1,52.5,1.0,1,1.0,14.33,2015-09-30
1467407,2015-09-30 13:34:45,2015-09-30 14:06:38,4,-73.9427947998,40.7470397949,1,49.5,10.06,1,1.0,16.55,2015-09-30
1468970,2015-09-30 14:52:19,2015-09-30 17:23:24,4,-73.9904785156,40.692691803,1,212.5,30.0,1,1.0,50.63,2015-09-30
1472441,2015-09-30 15:38:11,2015-09-30 15:53:21,4,-73.9600143433,40.8083648682,1,30.5,7.8,1,1.0,4.2,2015-09-30
1472858,2015-09-30 16:12:42,2015-09-30 16:20:20,4,-73.9375076294,40.8485641479,1,10.5,6.01,1,1.0,1.76,2015-09-30
1475994,2015-09-30 17:28:31,2015-09-30 18:28:29,4,-73.9032287598,40.7458114624,1,66.5,13.66,1,1.0,20.59,2015-09-30
1483378,2015-09-30 19:13:00,2015-09-30 19:40:17,4,-73.8071746826,40.6991958618,1,57.5,5.0,1,1.0,14.89,2015-09-30
1484899,2015-09-30 20:13:42,2015-09-30 20:31:09,4,-73.8302230835,40.7135505676,1,29.5,6.16,1,1.0,9.71,2015-09-30
1490644,2015-09-30 22:35:30,2015-09-30 23:04:05,4,-73.9278335571,40.8301467896,5,84.5,21.25,1,1.0,22.31,2015-09-30
1494142,2015-09-30 23:35:49,2015-10-01 00:08:27,4,-73.9267196655,40.8265457153,1,51.0,10.46,1,1.0,16.92,2015-09-30
